{"text":"a44","userId":"vI1GMkzBza5i82zj","_id":"5jiukIovSHq5rHhA"}
{"_id":"RCdHQoGzBtGUgkjg","text":"a1111","userId":"vI1GMkzBza5i82zj"}
{"_id":"hPOTpXaZ1iCoth7j","text":"a55","userId":"vI1GMkzBza5i82zj"}
{"_id":"tCc1ltDb8XRPJ2y1","text":"b1","userId":"vI1GMkzBza5i82zz"}
{"_id":"tCc1ltDb8XRPJ2y2","text":"b2","userId":"vI1GMkzBza5i82zz"}
{"_id":"tCc1ltDb8XRPJ2yn","text":"a2rrr","userId":"vI1GMkzBza5i82zj"}
{"text":"a3","userId":"vI1GMkzBza5i82zj","_id":"xaDRAPTAzvcyV0Tr"}
{"_id":"RCdHQoGzBtGUgkjg","text":"a1111aaaa","userId":"vI1GMkzBza5i82zj"}
